{"cameraMode":{"drawMode":0,"name":"Shaded","section":"Shading Mode"},"sceneLighting":false,"audioPlay":false,"sceneViewState":{"m_AlwaysRefresh":false,"showFog":true,"showSkybox":false,"showFlares":true,"showImageEffects":true,"showParticleSystems":true,"showVisualEffectGraphs":true,"m_FxEnabled":true},"in2DMode":false,"pivot":{"x":0.06753182411193848,"y":0.34174662828445437,"z":0.07761695981025696},"rotation":{"x":-0.3342722952365875,"y":-0.5789703726768494,"z":0.2808787524700165,"w":-0.6886531710624695},"size":0.3574639856815338,"orthographic":false}